{"camera_matrix": [[1361.52287464184,0,960.705651970922],[0,1364.14922404948,563.237690342412],[0,0,1]], "distortion_coefficients": [[0.151261757051250,-0.311650137317823,0,0,0]]}